<?xml version="1.0" encoding="UTF-8"?>
<project-private xmlns="http://www.netbeans.org/ns/project-private/1">
    <editor-bookmarks xmlns="http://www.netbeans.org/ns/editor-bookmarks/2" lastBookmarkId="0"/>
    <open-files xmlns="http://www.netbeans.org/ns/projectui-open-files/2">
        <group>
            <file>file:/C:/Users/Muditha/Desktop/ITP%20Project/WITC%20SMS/web/Instructor/studentManager/addStudent.jsp</file>
            <file>file:/C:/Users/Muditha/Desktop/ITP%20Project/WITC%20SMS/web/Instructor/studentManager/student.jsp</file>
            <file>file:/C:/Users/Muditha/Desktop/ITP%20Project/WITC%20SMS/web/student/student.jsp</file>
        </group>
    </open-files>
</project-private>
